CROP & VARIETY,Nursery Seeding Year,Nursery Seeding Week,Seeded Tray Size,Seeds Per Cell,Trays To Seed,Nursery Pot Up Year,Nursery Pot Up Week,Pot Up Tray Size,Trays To Pot Up,Plan Field Week,Germ Temp,Days To Germ,Germ Notes,Nursery Seeding Notes
Pea Snap // Sweet Gem,2026,11.5,1,,Soak,2025,0,0,,12
Pea Snap // Sweet Gem,2026,11.5,1,,Soak,2025,0,0,,12
Pea Snap // Sweet Gem,2026,11.5,1,,Soak,2025,0,0,,12
Pea Shelling // PLS595,2026,11.5,1,,3.5,2025,0,0,,12
Pea Shelling // PLS595,2026,11.5,1,,3.5,2025,0,0,,12
Pea Snap // Super Sugar Snap,2026,11.5,1,,Soak,2025,0,0,,12
Pea Snap // Super Sugar Snap,2026,11.5,1,,Soak,2025,0,0,,12
Pea Snap // Super Sugar Snap,2026,11.5,1,,Soak,2025,0,0,,12
Frisee // Curlesi,2026,9,128,1,3,2025,0,0,,14
Lettuce Head // Alkindus,2026,9,128,1,2,2025,0,0,,14
Lettuce Mini Gem // Gatsbi,2026,9,128,1,3,2025,0,0,,14
Lettuce Mini Gem // Rosaine,2026,9,128,1,4,2025,0,0,,14
Lettuce Mix SN // (Spring/Fall) Prismatic + Butters,2026,9,128,1,5,2025,0,0,,14
Lettuce Mix SN // (Spring/Fall) Prismatic + Butters,2026,9,128,1,5,2025,0,0,,14
Scallion // Parade,2026,8,264,4,8,2025,0,0,,15
Bok Choy // Li Ren Choi,2026,12,128,1,4,2025,0,0,,16
Bok Choy // Li Ren Choi,2026,12,128,1,4,2025,0,0,,16
Dandelion // Clio,2026,10,128,1,5,2025,0,0,,16,,,,"Wet soil, do not cover, stack and use saran wrap"
Escarole // Eros,2026,11,128,1,3,2025,0,0,,16
Fennel // Orazio,2026,10,128,2,4,2025,0,0,,16
Lettuce Head // Alkindus,2026,11,128,1,2,2025,0,0,,16
Lettuce Mini Gem // Gatsbi,2026,11,128,1,3,2025,0,0,,16
Lettuce Mini Gem // Rosaine,2026,11,128,1,3,2025,0,0,,16
Lettuce Mix SN // (Spring/Fall) Prismatic + Butters,2026,11,128,1,8,2025,0,0,,16
Radicchio Round // Indigo,2026,10,128,1,4,2025,0,0,,16
Radicchio Variegated // Giorgine,2026,10,128,1,4,2025,0,0,,16
Zucchini Green // Noche,2026,12,50,1,1.5,2025,0,0,,16
Zucchini Green // Noche,2026,12,50,1,1.5,2025,0,0,,16
Parsley // Giant of Italy,2026,8,128,3,12,2025,0,0,,16
Scallion // Parade,2026,9,264,4,4,2025,0,0,,16
Chard // Bright Lights,2026,10,72,1,8,2025,0,0,,16
Collards // Flash,2026,11,72,1,3.5,2025,0,0,,16
Kale Curly // Winterbor,2026,11,72,1,3.5,2025,0,0,,16
Kale Curly // Winterbor,2026,11,72,1,3.5,2025,0,0,,16
Kale Lacinato // Ebony,2026,11,72,1,3.5,2025,0,0,,16
Kale Lacinato // Ebony,2026,11,72,1,3.5,2025,0,0,,16
Kale Lacinato // Ebony,2026,11,72,1,3.5,2025,0,0,,16
Kale Lacinato // Ebony,2026,11,72,1,3.5,2025,0,0,,16
Broccolini // BC1611,2026,11,72,1,3.5,2025,0,0,,16
Broccolini // BC1611,2026,11,72,1,3.5,2025,0,0,,16
Broccolini // BC1611,2026,11,72,1,3.5,2025,0,0,,16
Frisee // Curlesi,2026,12,128,1,4,2025,0,0,,17
Lettuce Mix SN // (Spring/Fall) Prismatic + Butters,2026,12,128,1,8,2025,0,0,,17
Zucchini Green // Noche,2026,13,50,1,1.5,2025,0,0,,17
Zucchini Green // Noche,2026,13,50,1,1.5,2025,0,0,,17
Zucchini Green // Noche,2026,13,50,1,1.5,2025,0,0,,17
Zucchini Green // Noche,2026,13,50,1,1.5,2025,0,0,,17
Zucchini Striped // Pantheon,2026,13,50,1,1.5,2025,0,0,,17
Zucchini Striped // Pantheon,2026,13,50,1,1.5,2025,0,0,,17
Zucchini Yellow // Golden Glory,2026,13,50,1,1.5,2025,0,0,,17
Zucchini Yellow // Golden Glory,2026,13,50,1,1.5,2025,0,0,,17
Scallion // Parade,2026,10,264,4,4,2025,0,0,,17
Cabbage Chinese // Minuet,2026,12,72,1,3.5,2025,0,0,,17
Cabbage Chinese // Minuet,2026,12,72,1,3.5,2025,0,0,,17
Cabbage Savoy // Alcosa,2026,12,72,1,3.5,2025,0,0,,17
Cauliflower Sprouting // Song,2026,12,72,1,3.5,2025,0,0,,17
Cauliflower Sprouting // Song,2026,12,72,1,3.5,2025,0,0,,17
Escarole // Eliance,2026,13,128,1,5,2025,0,0,,18
Lettuce Head // Alkindus,2026,13,128,1,2,2025,0,0,,18
Lettuce Mini Gem // Gatsbi,2026,13,128,1,3,2025,0,0,,18
Lettuce Mini Gem // Rosaine,2026,13,128,1,3,2025,0,0,,18
Lettuce Mix SN // (Spring/Fall) Prismatic + Butters,2026,13,128,1,8,2025,0,0,,18
Celery // merengo,2026,8,1900,1,0.5,2026,12,72,12,18
Scallion // Parade,2026,11,264,4,4,2025,0,0,,18
Bok Choy // Li Ren Choi,2026,14,128,1,8,2025,0,0,,18
Chard // Bright Lights,2026,12,72,1,8,2025,0,0,,18
Chard // Bright Lights,2026,12,72,1,8,2025,0,0,,18
Collards // Flash,2026,13,72,1,3.5,2025,0,0,,18
Collards // Flash,2026,13,72,1,3.5,2025,0,0,,18
Kale Curly // Winterbor,2026,13,72,1,3.5,2025,0,0,,18
Kale Curly // Winterbor,2026,13,72,1,3.5,2025,0,0,,18
Kale Lacinato // Ebony,2026,13,72,1,3.5,2025,0,0,,18
Kale Lacinato // Ebony,2026,13,72,1,3.5,2025,0,0,,18
Kale Lacinato // Ebony,2026,13,72,1,3.5,2025,0,0,,18
Kale Lacinato // Ebony,2026,13,72,1,3.5,2025,0,0,,18
Broccolini // Bella Verde,2026,13,72,1,3.5,2025,0,0,,18
Broccolini // Bella Verde,2026,13,72,1,3.5,2025,0,0,,18
Broccolini // Happy Rich,2026,13,72,1,3.5,2025,0,0,,18
Broccolini // Happy Rich,2026,13,72,1,3.5,2025,0,0,,18
Broccolini // Happy Rich,2026,13,72,1,3.5,2025,0,0,,18
Cauliflower Sprouting // Song,2026,13,72,1,3.5,2025,0,0,,18
Cauliflower Sprouting // Song,2026,13,72,1,3.5,2025,0,0,,18
Cucumber // Corinto,2026,14,72,1,1.5,2025,0,0,,18
Cucumber Katrina // Katrina,2026,14,72,1,1.5,2025,0,0,,18
Cucumber Katrina // Katrina,2026,14,72,1,1.5,2025,0,0,,18
Cucumber Pickling // Excelsior,2026,14,72,1,1.5,2025,0,0,,18
Fennel // Orazio,2026,13,128,2,5,2025,0,0,,19
Lettuce Mix SN // (Spring/Fall) Prismatic + Butters,2026,14,128,1,8,2025,0,0,,19
Radicchio Round // Indigo,2026,13,128,1,4,2025,0,0,,19
Radicchio Variegated // Giorgine,2026,13,128,1,4,2025,0,0,,19
Zucchini Green // Noche,2026,15,50,1,1.5,2025,0,0,,19
Zucchini Green // Noche,2026,15,50,1,1.5,2025,0,0,,19
Zucchini Green // Noche,2026,15,50,1,1.5,2025,0,0,,19
Zucchini Green // Noche,2026,15,50,1,1.5,2025,0,0,,19
Zucchini Striped // Pantheon,2026,15,50,1,1.5,2025,0,0,,19
Zucchini Yellow // Golden Glory,2026,15,50,1,1.5,2025,0,0,,19
Zucchini Yellow // Golden Glory,2026,15,50,1,1.5,2025,0,0,,19
Zucchini Yellow // Golden Glory,2026,15,50,1,1.5,2025,0,0,,19
Parsley // Giant of Italy,2026,11,128,3,12,2025,0,0,,19
Scallion // Parade,2026,12,264,4,4,2025,0,0,,19
Lettuce Mini Gem // Rosaine,2024,32,128,1,,2023,0,0,,37
Lettuce Mini Gem // Rosaine,2024,32,128,1,,2023,0,0,,37
Lettuce Mini Gem // Rosaine,2024,33,128,1,,2023,0,0,,38
Scallion // Parade,2024,29,264,4,6,2023,0,0,,36
Scallion // Parade,2024,32,264,4,,2023,0,0,,39
Scallion // Parade,2024,35,264,4,,2023,0,0,,42
Dandelion // Clio,2024,32,128,1,,2023,0,0,,38,,,,"Wet soil, do not cover, stack and use saran wrap"
Dandelion // Clio,2024,32,128,1,,2023,0,0,,38,,,,"Wet soil, do not cover, stack and use saran wrap"
Cabbage Cone // Caraflex,2026,14,72,1,3.5,2025,0,0,,19
Cabbage Cone // Caraflex,2026,14,72,1,3.5,2025,0,0,,19
Cabbage Cone // Caraflex,2026,14,72,1,3.5,2025,0,0,,19
Cabbage Red // Omero,2026,14,72,1,3.5,2025,0,0,,19
Cabbage Red // Omero,2026,14,72,1,3.5,2025,0,0,,19
Tomato Cherry Mix // Artemis,2026,13,1900,1,0.2,2026,16,32,1,19
Tomato Cherry Mix // Attracta,2026,13,1900,1,0.2,2026,16,32,1,19
Tomato Cherry Mix // Chocolate Sprinkles,2026,13,1900,1,0.2,2026,16,32,2,19
Tomato Cherry Mix // Honey Bee,2026,13,1900,1,0.2,2026,16,32,2,19
Tomato Cherry Mix // Mimi,2026,13,1900,1,0.2,2026,16,32,2,19
Tomato Cherry Mix // SunGreen,2026,13,1900,1,0.2,2026,16,32,2,19
Tomato Cherry Mix // Sunpeach,2026,13,1900,1,0.2,2026,16,32,2,19
Tomato Cherry Sungold // SunOrange,2026,13,1900,1,0.2,2026,16,32,4,19
Tomato Cherry Sungold // SunOrange,2026,13,1900,1,0.2,2026,16,32,4,19
Tomato Cherry Sungold // SunOrange,2026,13,1900,1,0.2,2026,16,32,4,19
Tomato Heirloom // MarMango,2026,13,1900,1,0.2,2026,16,32,4,19
Tomato Heirloom // Marnouar,2026,13,1900,1,0.2,2026,16,32,4,19
Bean Snap TP // Nor'easter,2026,17,50,2,8,2025,0,0,,19
Bean Snap TP // Nor'easter,2026,17,50,2,8,2025,0,0,,19
Cabbage Red // Omero,2026,14,72,1,3.5,2025,0,0,,19
Cabbage Red // Omero,2026,14,72,1,3.5,2025,0,0,,19
Cabbage Red // Omero,2026,14,72,1,3.5,2025,0,0,,19
Cabbage Savoy // Alcosa,2026,14,72,1,3.5,2025,0,0,,19
Dandelion // Clio,2026,14,128,1,10,2025,0,0,,20,,,,"Wet soil, do not cover, stack and use saran wrap"
Escarole // Eliance,2026,15,128,1,2,2025,0,0,,20
Frisee // Curlesi,2026,15,128,1,2,2025,0,0,,20
Lettuce Head // Alkindus,2026,15,128,1,2,2025,0,0,,20
Lettuce Mini Gem // Gatsbi,2026,15,128,1,2,2025,0,0,,20
Lettuce Mini Gem // Rosaine,2026,15,128,1,3,2025,0,0,,20
Lettuce Mix SN // (Spring/Fall) Prismatic + Butters,2026,15,128,1,8,2025,0,0,,20
Eggplant Italian Black // Gaudi,2026,12,1900,1,0.2,2026,16,32,7,20
Eggplant Italian Striped // Annina,2026,12,1900,1,0.2,2026,16,32,7,20
Eggplant Italian Striped // Annina,2026,12,1900,1,0.2,2026,16,32,7,20
Eggplant Mini // Fairytale,2026,12,1900,1,0.2,2026,16,32,7,20
Eggplant Mini // Fairytale,2026,12,1900,1,0.2,2026,16,32,7,20
Scallion // Parade,2026,13,264,4,4,2025,0,0,,20
Bok Choy // Li Ren Choi,2026,16,128,1,8,2025,0,0,,20
Collards // Flash,2026,15,72,1,3.5,2025,0,0,,20
Kale Curly // Winterbor,2026,15,72,1,3.5,2025,0,0,,20
Kale Curly // Winterbor,2026,15,72,1,3.5,2025,0,0,,20
Kale Lacinato // Ebony,2026,15,72,1,3.5,2025,0,0,,20
Kale Lacinato // Ebony,2026,15,72,1,3.5,2025,0,0,,20
Kale Curly // Winterbor,2024,31,72,1,,2023,0,0,,36
Kale Curly // Winterbor,2024,31,72,1,,2023,0,0,,36
Kale Curly // Winterbor,2024,31,72,1,,2023,0,0,,36
Kale Lacinato // Ebony,2024,31,72,1,,2023,0,0,,36
Kale Lacinato // Ebony,2024,31,72,1,,2023,0,0,,36
Kale Lacinato // Ebony,2024,31,72,1,,2023,0,0,,36
Kale Lacinato // Ebony,2024,31,72,1,,2023,0,0,,36
Kale Lacinato // Ebony,2024,31,72,1,,2023,0,0,,36
Kale Lacinato // Ebony,2026,15,72,1,3.5,2025,0,0,,20
Kale Lacinato // Ebony,2026,15,72,1,3.5,2025,0,0,,20
Cucumber // Corinto,2026,16,72,1,1.5,2025,0,0,,20
Cucumber // Corinto,2026,16,72,1,1.5,2025,0,0,,20
Cucumber Katrina // Katrina,2026,16,72,1,1.5,2025,0,0,,20
Kale Russian // Siberian,2024,32,72,1,,2023,0,0,,37
Kale Russian // Siberian,2024,32,72,1,,2023,0,0,,37
Cucumber Pickling // Excelsior,2026,16,72,1,1.5,2025,0,0,,20
Kale Russian // Siberian,2024,33,72,1,,2023,0,0,,38
Kale Russian // Siberian,2024,33,72,1,,2023,0,0,,38
Kale Russian // Siberian,2024,33,72,1,,2023,0,0,,38
Lettuce Mix SN // (Spring/Fall) Prismatic + Butters,2026,16,128,1,8,2025,0,0,,21
Radicchio Round // Indigo,2026,15,128,1,4,2025,0,0,,21
Radicchio Variegated // Giorgine,2026,15,128,1,4,2025,0,0,,21
Lettuce Mini Gem // Rosaine,2024,35,128,1,,2023,0,0,,40
Lettuce Mix SN // (Winter) Prismatic + Batavian,2024,35,128,1,,2023,0,0,,40
Lettuce Mix SN // (Winter) Prismatic + Batavian,2024,35,128,1,,2023,0,0,,40
Pepper Carmen // Carmen,2026,12,1900,1,0.2,2026,16,50,5,21
Pepper Carmen // Carmen,2026,12,1900,1,0.2,2026,16,50,5,21
Pepper Carmen // Carmen,2026,12,1900,1,0.2,2026,16,50,5,21
Pepper Carmen // Carmen,2026,12,1900,1,0.2,2026,16,50,5,21
Pepper Hot // Amazing,2026,12,1900,1,0.3,2026,16,50,4,21
Pepper Hot // Jedi Jalapeno,2026,12,1900,1,0.1,2026,16,50,1.5,21
Pepper Shishito // Shishimai,2026,12,1900,1,0.2,2026,16,50,5,21
Basil // Prospera DMR CG1,2026,15,128,2,6,2025,0,0,,21
Celery // merengo,2026,11,1900,1,0.5,2026,15,72,12,21
Scallion // Parade,2026,14,264,4,4,2025,0,0,,21
Bean Snap TP // Nor'easter,2026,19,50,2,16,2025,0,0,,21
Cabbage Flat // Tendersweet,2026,16,72,1,3.5,2025,0,0,,21
Lettuce Mix SN // (Winter) Prismatic + Batavian,2024,33,128,1,,2023,0,0,,38
Lettuce Mix SN // (Winter) Prismatic + Batavian,2024,33,128,1,,2023,0,0,,38
Lettuce Mix SN // (Winter) Prismatic + Batavian,2024,33,128,1,,2023,0,0,,38
Lettuce Mix SN // (Winter) Prismatic + Batavian,2024,33,128,1,,2023,0,0,,38
Cabbage Flat // Tendersweet,2026,16,72,1,3.5,2025,0,0,,21
Lettuce Head // Alkindus,2026,17,128,1,2,2025,0,0,,22
Lettuce Mini Gem // Gatsbi,2026,17,128,1,3,2025,0,0,,22
Lettuce Mini Gem // Rosaine,2026,17,128,1,3,2025,0,0,,22
Bok Choy // Little Shanghai,2024,34,128,1,,2023,0,0,,38
Mustard // Miike Giant,2024,34,128,1,,2023,0,0,,38
Lettuce Mix SN // (Summer) Foundation Mix + Batavia,2026,17,128,1,8,2025,0,0,,22
Bok Choy // Li Ren Choi,2026,18,128,1,8,2025,0,0,,22
Lettuce Mix SN // (Summer) Foundation Mix + Batavia,2026,18,128,1,8,2025,0,0,,23
Parsley // Giant of Italy,2026,15,128,3,12,2025,0,0,,23
Lettuce Head // Fusion,2026,19,128,1,3,2025,0,0,,24
Lettuce Head // Muir,2026,19,128,1,3,2025,0,0,,24
Lettuce Head // Purple Fusion,2026,19,128,1,3,2025,0,0,,24
Lettuce Mix SN // (Summer) Foundation Mix + Batavia,2026,19,128,1,8,2025,0,0,,24
Tomato Sauce // Tiren,2026,18,1900,1,0.2,2026,21,32,5,24
Basil // Prospera DMR CG1,2026,18,128,2,6,2025,0,0,,24
Bok Choy // Li Ren Choi,2026,20,128,1,8,2025,0,0,,24
Chard // Bright Lights,2024,32,72,1,,2023,0,0,,38
Chard // Bright Lights,2024,32,72,1,,2023,0,0,,38
Chard // Bright Lights,2024,32,72,1,,2023,0,0,,38
Chard // Bright Lights,2026,18,72,1,8,2025,0,0,,24
Spinach // Kolibri,2024,34,264,4,,2023,0,0,,39
Spinach // Kolibri,2024,34,264,4,,2023,0,0,,39
Spinach // Kolibri,2024,34,264,4,,2023,0,0,,39
Kale Curly // Winterbor,2026,19,72,1,3.5,2025,0,0,,24
Kale Curly // Winterbor,2026,19,72,1,3.5,2025,0,0,,24
Kale Lacinato // Ebony,2026,19,72,1,3.5,2025,0,0,,24
Spinach // Kolibri,2024,38,264,4,,2023,0,0,,43
Spinach // Kolibri,2024,38,264,4,,2023,0,0,,43
Spinach // Kolibri,2024,38,264,4,,2023,0,0,,43
Kale Lacinato // Ebony,2026,19,72,1,3.5,2025,0,0,,24
Kale Lacinato // Ebony,2026,19,72,1,3.5,2025,0,0,,24
Winter Squash Acorn // Night Shift,2026,21,50,1,3.5,2025,0,0,,24
Winter Squash Acorn // Night Shift,2026,21,50,1,3.5,2025,0,0,,24
Winter Squash Butternut // Waltham,2026,21,50,1,2,2025,0,0,,24
Winter Squash Butternut // Waltham,2026,21,50,1,2,2025,0,0,,24
Winter Squash Butternut // Waltham,2026,21,50,1,2,2025,0,0,,24
Winter Squash Delicata // Delicata JS,2026,21,50,1,3.5,2025,0,0,,24
Winter Squash Delicata // Honeyboat,2026,21,50,1,3.5,2025,0,0,,24
Winter Squash Delicata // Honeyboat,2026,21,50,1,3.5,2025,0,0,,24
Winter Squash Honeynut // Honeynut,2026,21,50,1,2,2025,0,0,,24
Winter Squash Honeynut // Honeynut,2026,21,50,1,2,2025,0,0,,24
Winter Squash Honeynut // Honeynut,2026,21,50,1,2,2025,0,0,,24
Winter Squash Honeynut // Honeynut,2026,21,50,1,2,2025,0,0,,24
Winter Squash Kabocha // Black Futsu,2026,21,50,1,3.5,2025,0,0,,24
Winter Squash Kabocha // Tetsukabuto,2026,21,50,1,3.5,2025,0,0,,24
Winter Squash Kabocha // Tetsukabuto,2026,21,50,1,3.5,2025,0,0,,24
Winter Squash Koginut // Autumn Frost,2026,21,50,1,2,2025,0,0,,24
Winter Squash Koginut // Autumn Frost,2026,21,50,1,2,2025,0,0,,24
Lettuce Mix SN // (Summer) Foundation Mix + Batavia,2026,20,128,1,8,2025,0,0,,25
Celery // merengo,2026,15,1900,1,0.5,2026,19,72,12,25
Lettuce Head // Fusion,2026,21,128,1,3,2025,0,0,,26
Lettuce Head // Muir,2026,21,128,1,3,2025,0,0,,26
Lettuce Head // Purple Fusion,2026,21,128,1,3,2025,0,0,,26
Lettuce Mix SN // (Summer) Foundation Mix + Batavia,2026,21,128,1,8,2025,0,0,,26
Parsley // Giant of Italy,2026,18,128,3,12,2025,0,0,,26
Radicchio Pink // Rosa Alba,2026,21,128,1,4,2025,0,0,,27
Radicchio Pink // Rosa Alba,2026,21,128,1,4,2025,0,0,,27
Radicchio Pink // Rosa Alba,2026,21,128,1,4,2025,0,0,,27
Radicchio Pink // Rosa Alba,2026,21,128,1,4,2025,0,0,,27
Radicchio Round // T&T 614,2026,21,128,1,4,2025,0,0,,27
Radicchio Round // T&T 614,2026,21,128,1,4,2025,0,0,,27
Radicchio Round // T&T 614,2026,21,128,1,4,2025,0,0,,27
Radicchio Variegated // Aquerello,2026,21,128,1,,2025,0,0,,27
Radicchio Variegated // Aquerello,2026,21,128,1,,2025,0,0,,27
Basil // Prospera DMR CG1,2026,21,128,2,6,2025,0,0,,27
Cauliflower Sprouting // Fioretto 70,2026,22,72,1,3.5,2025,0,0,,27
Escarole // Eliance,2026,23,128,1,2,2025,0,0,,28
Lettuce Head // Marciano,2026,23,128,1,3,2025,0,0,,28
Lettuce Head // Milagro,2026,23,128,1,3,2025,0,0,,28
Lettuce Head // Shirane Sky,2026,23,128,1,3,2025,0,0,,28
Lettuce Mix SN // (Spring/Fall) Prismatic + Butters,2026,23,128,1,8,2025,0,0,,28
Celery // merengo,2026,18,1900,1,0.5,2026,22,72,12,28
Parsley // Giant of Italy,2026,20,128,3,12,2025,0,0,,28
Bok Choy // Li Ren Choi,2026,24,128,1,8,2025,0,0,,28
Broccolini // Bella Verde,2026,23,72,1,3.5,2025,0,0,,28
Broccolini // Bella Verde,2026,23,72,1,3.5,2025,0,0,,28
Broccolini // Bella Verde,2026,23,72,1,3.5,2025,0,0,,28
Broccolini // Bella Verde,2026,23,72,1,3.5,2025,0,0,,28
Broccolini // Bella Verde,2026,23,72,1,3.5,2025,0,0,,28
Brussels Sprouts // Dagan,2026,23,72,1,2,2025,0,0,,28
Brussels Sprouts // Dagan,2026,23,72,1,2,2025,0,0,,28
Brussels Sprouts // Dagan,2026,23,72,1,2,2025,0,0,,28
Brussels Sprouts // Dagan,2026,23,72,1,2,2025,0,0,,28
Cauliflower // Denali,2026,23,72,1,3.5,2025,0,0,,28
Cauliflower // Denali,2026,23,72,1,3.5,2025,0,0,,28
Cauliflower // Denali,2026,23,72,1,3.5,2025,0,0,,28
Cauliflower // Lavender,2026,23,72,1,3.5,2025,0,0,,28
Cauliflower // Lavender,2026,23,72,1,3.5,2025,0,0,,28
Cauliflower // Lavender,2026,23,72,1,3.5,2025,0,0,,28
Cauliflower // Puntaverde,2026,23,72,1,3.5,2025,0,0,,28
Cauliflower // Puntaverde,2026,23,72,1,3.5,2025,0,0,,28
Cauliflower // Puntaverde,2026,23,72,1,3.5,2025,0,0,,28
Cauliflower // Skywalker,2026,23,72,1,3.5,2025,0,0,,28
Cauliflower // Skywalker,2026,23,72,1,3.5,2025,0,0,,28
Cabbage Chinese // Merlot,2026,24,72,1,4,2025,0,0,,29
Cabbage Chinese // Minuet,2026,24,72,1,4,2025,0,0,,29
Cabbage Cone // Caraflex,2026,24,72,1,3.5,2025,0,0,,29
Cabbage Cone Storage // Murdoc,2026,24,72,1,3.5,2025,0,0,,29
Cabbage Cone Storage // Murdoc,2026,24,72,1,3.5,2025,0,0,,29
Cabbage Green Storage // Promise,2026,24,72,1,3.5,2025,0,0,,29
Cabbage Green Storage // Promise,2026,24,72,1,3.5,2025,0,0,,29
Cabbage Red // Omero,2026,24,72,1,3.5,2025,0,0,,29
Cabbage Red // Pink Cabbage Hybrid,2026,24,72,1,3.5,2025,0,0,,29
Cabbage Red // Ruby Perfection,2026,24,72,1,3.5,2025,0,0,,29
Cabbage Red // Ruby Perfection,2026,24,72,1,3.5,2025,0,0,,29
Cabbage Savoy // Famosa,2026,24,72,1,3.5,2025,0,0,,29
Cabbage Savoy // Famosa,2026,24,72,1,3.5,2025,0,0,,29
Puntarelle // Medusa,2026,23,128,1,4,2025,0,0,,29
Puntarelle // Medusa,2026,23,128,1,4,2025,0,0,,29
Lettuce Head // Marciano,2026,24,128,1,3,2025,0,0,,29
Lettuce Head // Milagro,2026,24,128,1,3,2025,0,0,,29
Lettuce Head // Shirane Sky,2026,24,128,1,3,2025,0,0,,29
Lettuce Mix SN // (Spring/Fall) Prismatic + Butters,2026,24,128,1,8,2025,0,0,,29
Cauliflower Sprouting // Fioretto 70,2026,24,72,1,3.5,2025,0,0,,29
Cauliflower Sprouting // Murasaki Fioretto,2026,24,72,1,3.5,2025,0,0,,29
Chard // Bright Lights,2026,24,72,1,8,2025,0,0,,30
Chard // Bright Lights,2026,24,72,1,8,2025,0,0,,30
Collards // Flash,2026,25,72,1,3.5,2025,0,0,,30
Collards // Flash,2026,25,72,1,3.5,2025,0,0,,30
Kale Curly // Winterbor,2026,25,72,1,3.5,2025,0,0,,30
Kale Curly // Winterbor,2026,25,72,1,3.5,2025,0,0,,30
Kale Lacinato // Ebony,2026,25,72,1,3.5,2025,0,0,,30
Kale Lacinato // Ebony,2026,25,72,1,3.5,2025,0,0,,30
Kale Lacinato // Ebony,2026,25,72,1,3.5,2025,0,0,,30
Kale Lacinato // Ebony,2026,25,72,1,3.5,2025,0,0,,30
Escarole // Eliance,2026,25,128,1,2,2025,0,0,,30
Frisee // Curlesi,2026,25,128,1,8,2025,0,0,,30
Radicchio Round // Indigo,2026,24,128,1,4,2025,0,0,,30
Radicchio Round // Vasari,2026,24,128,1,,2025,0,0,,30
Radicchio Treviso // Baldo (T&T 306),2026,24,128,1,4,2025,0,0,,30
Radicchio Treviso // Regina Rosa,2026,24,128,1,4,2025,0,0,,30
Radicchio Treviso // Sangria,2026,24,128,1,4,2025,0,0,,30
Radicchio Variegated // Beatrice,2026,24,128,1,4,2025,0,0,,30
Radicchio Variegated // Giorgine,2026,24,128,1,4,2025,0,0,,30
Radicchio Variegated // Mirabella,2026,24,128,1,4,2025,0,0,,30
Fennel // Orazio,2026,24,128,2,5,2025,0,0,,30
Fennel // Orazio,2026,24,128,2,5,2025,0,0,,30
Fennel // Orazio,2026,24,128,2,5,2025,0,0,,30
Lettuce Head // Marciano,2026,25,128,1,3,2025,0,0,,30
Lettuce Head // Milagro,2026,25,128,1,3,2025,0,0,,30
Lettuce Head // Shirane Sky,2026,25,128,1,3,2025,0,0,,30
Lettuce Mix SN // (Spring/Fall) Prismatic + Butters,2026,25,128,1,8,2025,0,0,,30
Celery // merengo,2026,20,1900,1,0.5,2026,24,72,12,30
Scallion // Parade,2026,23,264,4,4,2025,0,0,,30
Bok Choy // Li Ren Choi,2026,26,128,1,8,2025,0,0,,30
Broccolini // Bella Verde,2026,25,72,1,3.5,2025,0,0,,30
Broccolini // Bella Verde,2026,25,72,1,3.5,2025,0,0,,30
Broccolini // Bella Verde,2026,25,72,1,3.5,2025,0,0,,30
Broccolini // Bella Verde,2026,25,72,1,3.5,2025,0,0,,30
Broccolini // Bella Verde,2026,25,72,1,3.5,2025,0,0,,30
Cauliflower Sprouting // Fioretto 70,2026,25,72,1,3.5,2025,0,0,,30
Cauliflower Sprouting // Murasaki Fioretto,2026,25,72,1,3.5,2025,0,0,,30
Escarole // Eliance,2026,26,128,1,2,2025,0,0,,31
Radicchio Round // Indigo,2026,25,128,1,4,2025,0,0,,31
Radicchio Round // Indigo,2026,25,128,1,2,2025,0,0,,31
Lettuce Head // Marciano,2026,26,128,1,3,2025,0,0,,31
Lettuce Head // Milagro,2026,26,128,1,3,2025,0,0,,31
Lettuce Head // Shirane Sky,2026,26,128,1,3,2025,0,0,,31
Lettuce Mix SN // (Spring/Fall) Prismatic + Butters,2026,26,128,1,8,2025,0,0,,31
Scallion // Parade,2026,24,264,4,4,2025,0,0,,31
Cabbage Chinese // Minuet,2026,26,72,1,3.5,2025,0,0,,31
Cauliflower // Denali,2026,26,72,1,,2025,0,0,,31
Cauliflower Sprouting // Fioretto 70,2026,26,72,1,3.5,2025,0,0,,31
Chard // Bright Lights,2026,26,72,1,8,2025,0,0,,32
Chard // Bright Lights,2026,26,72,1,8,2025,0,0,,32
Collards // Flash,2026,27,72,1,3.5,2025,0,0,,32
Collards // Flash,2026,27,72,1,3.5,2025,0,0,,32
Kale Curly // Winterbor,2026,27,72,1,3.5,2025,0,0,,32
Kale Curly // Winterbor,2026,27,72,1,3.5,2025,0,0,,32
Kale Lacinato // Ebony,2026,27,72,1,3.5,2025,0,0,,32
Kale Lacinato // Ebony,2026,27,72,1,3.5,2025,0,0,,32
Kale Lacinato // Ebony,2026,27,72,1,3.5,2025,0,0,,32
Kale Lacinato // Ebony,2026,27,72,1,3.5,2025,0,0,,32
Kale Lacinato // Ebony,2026,27,72,1,3.5,2025,0,0,,32
Kale Lacinato // Ebony,2026,27,72,1,3.5,2025,0,0,,32
Lettuce Head // Marciano,2026,27,128,1,3,2025,0,0,,32
Lettuce Head // Milagro,2026,27,128,1,3,2025,0,0,,32
Lettuce Head // Shirane Sky,2026,27,128,1,3,2025,0,0,,32
Lettuce Mix SN // (Spring/Fall) Prismatic + Butters,2026,27,128,1,8,2025,0,0,,32
Scallion // Parade,2026,25,264,4,4,2025,0,0,,32
Bok Choy // Li Ren Choi,2026,28,128,1,4,2025,0,0,,32
Broccolini // BC1611,2026,27,72,1,3.5,2025,0,0,,32
Broccolini // BC1611,2026,27,72,1,3.5,2025,0,0,,32
Broccolini // BC1611,2026,27,72,1,3.5,2025,0,0,,32
Broccolini // BC1611,2026,27,72,1,3.5,2025,0,0,,32
Broccolini // Burgundy,2026,27,72,1,3.5,2025,0,0,,32
Broccolini // Burgundy,2026,27,72,1,3.5,2025,0,0,,32
Broccolini // Burgundy,2026,27,72,1,3.5,2025,0,0,,32
Broccolini // Burgundy,2026,27,72,1,3.5,2025,0,0,,32
Kohlrabi // Kolibri,2026,27,72,1,7,2025,0,0,,32
Kohlrabi Storage // Kossak,2026,27,72,1,14,2025,0,0,,32
Lettuce Head // Marciano,2026,28,128,1,3,2025,0,0,,33
Lettuce Head // Milagro,2026,28,128,1,3,2025,0,0,,33
Lettuce Head // Shirane Sky,2026,28,128,1,3,2025,0,0,,33
Lettuce Mix SN // (Spring/Fall) Prismatic + Butters,2026,28,128,1,8,2025,0,0,,33
Scallion // Parade,2026,26,264,4,4,2025,0,0,,33
Chard // Bright Lights,2026,28,72,1,8,2025,0,0,,34
Kale Lacinato // Ebony,2026,29,72,1,3.5,2025,0,0,,34
Kale Lacinato // Ebony,2026,29,72,1,3.5,2025,0,0,,34
Kale Lacinato // Ebony,2026,29,72,1,3.5,2025,0,0,,34
Kale Lacinato // Ebony,2026,29,72,1,3.5,2025,0,0,,34
Lettuce Mix SN // (Spring/Fall) Prismatic + Butters,2026,29,128,1,8,2025,0,0,,34
Bok Choy // Li Ren Choi,2026,30,128,1,4,2025,0,0,,34
Lettuce Mix SN // (Spring/Fall) Prismatic + Butters,2026,30,128,1,8,2025,0,0,,35
Lettuce Mix SN // (Spring/Fall) Prismatic + Butters,2026,30,128,1,8,2025,0,0,,35
Bok Choy // Li Ren Choi,2026,32,128,1,8,2025,0,0,,36
Chard // Bright Lights,2026,30,72,1,6,2025,0,0,,36
Chard // Bright Lights,2026,30,72,1,6,2025,0,0,,36
Chard // Bright Lights,2026,30,72,1,6,2025,0,0,,36
Chard // Bright Lights,2026,30,72,1,6,2025,0,0,,36
Dandelion // Clio,2026,30,128,1,7,2025,0,0,,36,,,,"Wet soil, do not cover, stack and use saran wrap"
Dandelion // Clio,2026,30,128,1,7,2025,0,0,,36,,,,"Wet soil, do not cover, stack and use saran wrap"
Kale Lacinato // Ebony,2026,31,72,1,6,2025,0,0,,36
Kale Lacinato // Ebony,2026,31,72,1,6,2025,0,0,,36
Kale Lacinato // Ebony,2026,31,72,1,6,2025,0,0,,36
Kale Lacinato // Ebony,2026,31,72,1,6,2025,0,0,,36
Kale Lacinato // Ebony,2026,31,72,1,6,2025,0,0,,36
Kale Lacinato // Ebony,2026,31,72,1,6,2025,0,0,,36
Kale Lacinato // Ebony,2026,31,72,1,6,2025,0,0,,36
Kale Lacinato // Ebony,2026,31,72,1,6,2025,0,0,,36
Lettuce Mix SN // (Spring/Fall) Prismatic + Butters,2026,31,128,1,8,2025,0,0,,36
Lettuce Mix SN // (Winter) Prismatic + Batavian,2026,31,128,1,8,2025,0,0,,36
Mustard // Miike Giant,2026,32,128,1,7,2025,0,0,,36
Scallion // Parade,2026,29,264,4,8,2025,0,0,,36
Bok Choy // Li Ren Choi,2026,33,128,1,7,2025,0,0,,37
Arugula Wild // Bellezia,2026,34,128,30,9,2025,0,0,,38
Arugula Wild // Bellezia,2026,34,128,30,9,2025,0,0,,38
Arugula Wild // Bellezia,2026,34,128,30,9,2025,0,0,,38
Bok Choy // Li Ren Choi,2026,34,128,1,7,2025,0,0,,38
Kale Russian // Siberian,2026,33,72,1,6,2025,0,0,,38
Kale Russian // Siberian,2026,33,72,1,6,2025,0,0,,38
Kale Russian // Siberian,2026,33,72,1,6,2025,0,0,,38
Lettuce Mix SN // (Winter) Prismatic + Batavian,2026,33,128,1,8,2025,0,0,,38
Mustard // Miike Giant,2026,34,128,1,7,2025,0,0,,38
Scallion // Parade,2026,31,264,4,8,2025,0,0,,38
Spinach // Kolibri,2026,33,264,4,8,2025,0,0,,38
Spinach // Kolibri,2026,33,264,4,8,2025,0,0,,38
Spinach // Rangitoto,2026,33,264,4,4,2025,0,0,,38
Spinach // Space,2026,33,264,4,4,2025,0,0,,38
Spinach // Sunangel,2026,33,264,4,4,2025,0,0,,38
Spinach // Tarsier,2026,33,264,4,4,2025,0,0,,38
Bok Choy // Li Ren Choi,2026,35,128,1,7,2025,0,0,,39
Lettuce Mix SN // (Winter) Prismatic + Batavian,2026,34,128,1,8,2025,0,0,,39
Bok Choy // Li Ren Choi,2026,36,128,1,7,2025,0,0,,40
Lettuce Mix SN // (Winter) Prismatic + Batavian,2026,35,128,1,8,2025,0,0,,40
Scallion // Parade,2026,33,264,4,8,2025,0,0,,40
Spinach // Kolibri,2026,35,264,4,8,2025,0,0,,40
Spinach // Kolibri,2026,35,264,4,8,2025,0,0,,40
Spinach // Rangitoto,2026,35,264,4,4,2025,0,0,,40
Spinach // Space,2026,35,264,4,4,2025,0,0,,40
Spinach // Sunangel,2026,35,264,4,4,2025,0,0,,40
Spinach // Tarsier,2026,35,264,4,4,2025,0,0,,40
Bok Choy // Li Ren Choi,2026,37,128,1,7,2025,0,0,,41
Lettuce Mix SN // (Winter) Prismatic + Batavian,2026,36,128,1,8,2025,0,0,,41
Bok Choy // Li Ren Choi,2026,38,128,1,7,2025,0,0,,42
Lettuce Mix SN // (Winter) Prismatic + Batavian,2026,37,128,1,8,2025,0,0,,42
Scallion // Parade,2026,35,264,4,8,2025,0,0,,42
Bok Choy // Li Ren Choi,2026,39,128,1,7,2025,0,0,,43
Bok Choy // Bopak,2026,40,128,1,7,2025,0,0,,44
Bok Choy // Bopak,2026,41,128,1,7,2025,0,0,,45
Bok Choy // Bopak,2026,42,128,1,7,2025,0,0,,46
Bok Choy // Bopak,2026,43,128,1,7,2025,0,0,,47
