Crop,Variety,Supplier,Catalog Number,Source URL,Notes
Arugula,Astro,Johnny's Seeds,,,
Arugula Wild,Bellezia,Johnny's Seeds,,,
Basil,Prospera DMR CG1,Johnny's Seeds,,,
Asparagus,Jersey Supreme,Johnny's Seeds,,,
Asparagus,Millenium,Johnny's Seeds,,,
Bean Snap TP,Nor'easter,Johnny's Seeds,,,
Basil,Prospera DMR PL4,Johnny's Seeds,,,
Basil,Prospera® Italian Large Leaf DMR (ILL2),Johnny's Seeds,,,
Beets Bulk Golden,Boldor,Johnny's Seeds,,,
Beets Bulk Golden,Yellow Sunrise,Osborne Seed Company,,,
Beets Bulk Red,Boro F1,Johnny's Seeds,,,
Beets Golden,Yellow Sunrise,Osborne Seed Company,,,
Beets Golden,Boldor,Johnny's Seeds,,,
Beets Red,Red Ace F1,Johnny's Seeds,,,
Beets Red,Boro F1,Johnny's Seeds,,,
Bok Choy,Bopak,Johnny's Seeds,,,
Bitter Melon,Green Skin,Hudson Valley Seed Co,,,
Bok Choy,Li Ren Choi,Johnny's Seeds,,,
Bok Choy,Choko,Osborne Seed Company,,,
Broccolini,BC1611,Johnny's Seeds,,,
Bok Choy,Little Shanghai,Johnny's Seeds,,,
Broccoli Raab,Novantina,Salerno Seeds,,,
Broccoli Raab,Quarantina,Salerno Seeds,,,
Broccolini,Bella Verde,Johnny's Seeds,,,
Broccolini,Burgundy,Johnny's Seeds,,,
Broccolini,Happy Rich,Johnny's Seeds,,,
Cabbage Chinese,Bilko,Johnny's Seeds,,,
Brussels Sprouts,Dagan,Johnny's Seeds,,,
Buckwheat,Standard,TBD,,,
Cabbage Chinese,Scarossa,Osborne Seed Company,,,
Cabbage Chinese,Merlot,Johnny's Seeds,,,5/24
Cabbage Chinese,Minuet,Johnny's Seeds,,,1/2 10/23
Cabbage Flat,Deadon,Johnny's Seeds,,,
Cabbage Flat,Saku Saku,Oishii Nippon,,,
Cabbage Cone,Caraflex,Johnny's Seeds,,,
Cabbage Cone Storage,Murdoc,Fedco Seeds,,,
Cabbage Flat,Tendersweet,Johnny's Seeds,,,2/24
Cabbage Green Storage,Promise,Johnny's Seeds,,,
Cabbage Red,Omero,Johnny's Seeds,,,
Cabbage Red,Pink Cabbage Hybrid,Trial / Cornell,,,
Cabbage Red,Ruby Perfection,Johnny's Seeds,,,1/2 3/24
Carrot,Naval F1,Johnny's Seeds,,,
Cabbage Savoy,Alcosa,Johnny's Seeds,,,11/23
Cabbage Savoy,Famosa,Johnny's Seeds,,,5/24
Carrot Bulk,Bolero,Johnny's Seeds,,,
Cauliflower,Denali,Johnny's Seeds,,,
Cauliflower,Lavender,Johnny's Seeds,,,
Cauliflower,Puntaverde,Johnny's Seeds,,,
Cauliflower,Skywalker,Johnny's Seeds,,,
Cauliflower Sprouting,Fioretto 70,Johnny's Seeds,,,
Cauliflower Sprouting,Murasaki Fioretto,Johnny's Seeds,,,
Cauliflower Sprouting,Song,Johnny's Seeds,,,
Celery,Merengo,High Mowing Seeds,,,
Chard,Bright Lights,Johnny's Seeds,,,
Cilantro,Cruiser,Johnny's Seeds,,,
Collards,Flash,Johnny's Seeds,,,
Cucumber,Corinto,Johnny's Seeds,,,
Cucumber Katrina,Katrina,Johnny's Seeds,,,
Dill,Thalia,Johnny's Seeds,,,
Eggplant Asian,Asian Delight,Johnny's Seeds,,,
Eggplant Asian,Ping Tung,High Mowing Seeds,,,
Eggplant Asian,Shinkasen,Johnny's Seeds,,,
Eggplant Italian Black,Barbarella,Johnny's Seeds,,,
Cucumber Pickling,Excelsior,Johnny's Seeds,,,
Dandelion,Clio,Johnny's Seeds,,,
Eggplant Italian Black,Gaudi,Johnny's Seeds,,,
Escarole,Bubikof,Wild Garden Seed,,,
Eggplant Italian Striped,Annina,Johnny's Seeds,,,
Eggplant Mini,Fairytale,Johnny's Seeds,,,
Escarole,Eliance,Johnny's Seeds,,,
Escarole,Eros,Johnny's Seeds,,,
Garlic,TBD,,,,
Garlic,Brown Tempest,,,,
Fennel,Orazio,Johnny's Seeds,,,
Frisee,Curlesi,Johnny's Seeds,,,10/24 pelleted
Garlic,Inchillium Red,,,,
Garlic,Italian Red,,,,
Garlic,German White,Fraser's Garlic Farm,,,
Garlic,Hardneck - Em,Trial / Cornell,,,
Garlic,Vietnamese Red,,,,
Garlic Green,MISC,,,,
Garlic Scape,TBD,,,,
Greens Mix Amaranth,Polish,Wild Garden Seed,,,
Garlic,Music,Fraser's Garlic Farm,,,
Garlic,Softneck - Em,Trial / Cornell,,,
Greens Mix Mizuna,Central Red,Kitazawa,,,
Greens Mix Purslane,Golden ,Johnny's Seeds,,,
Greens Mix Baby Kale,Red Russian Kale,Johnny's Seeds,,,
Greens Mix Tokyo Bekana,Tokyo Bekana,Johnny's Seeds,,,
Greens Mix Cheap Frills,Cheap Frills,Johnny's Seeds,,,
Kale Lacinato,Black Magic,Johnny's Seeds,,,
Greens Mix Rosie,Rosie,Johnny's Seeds,,,
Kale Curly,Winterbor,Johnny's Seeds,,,
Kale Lacinato,Ebony,Osborne Seed Company,,,
Kale Russian,Siberian,Hudson Valley Seed Co,,,
Komatsuna,Summer Fest,Kitazawa,,,
Kohlrabi,Kolibri,Johnny's Seeds,,,
Kohlrabi Storage,Kossak,Johnny's Seeds,,,
Lettuce Head,Alkindus,Johnny's Seeds,,,11/24 Pe
Lettuce Head,Fusion,Johnny's Seeds,,,
Lettuce Head,Monte Carlo,Johnny's Seeds,,,
Lettuce Head,Marciano,Johnny's Seeds,,,
Lettuce Head,Pomegranate Crunch,Johnny's Seeds,,,
Lettuce Head,Milagro,Johnny's Seeds,,,
Lettuce Head,Queen of Hearts,Uprising Seeds,,,
Lettuce Head,Reno,Johnny's Seeds,,,
Lettuce Head,Muir,Johnny's Seeds,,,
Lettuce Head,Truchas,High Mowing Seeds,,,
Lettuce Head,Purple Fusion,Johnny's Seeds,,,
Lettuce Mini Gem,Newham,Johnny's Seeds,,,
Lettuce Head,Shirane Sky,Johnny's Seeds,,,
Lettuce Mini Gem,Gatsbi,Johnny's Seeds,,,
Lettuce Mini Gem,Rosaine,Johnny's Seeds,,,11/24 Pe
Lettuce Mix SN,(Spring/Fall) Prismatic + Butters,Johnny's Seeds,,,
Lettuce Mix SN,Green Batavia,Johnny's Seeds,,,
Lettuce Mix SN,Green Oakleaf,Johnny's Seeds,,,
Lettuce Mix SN,Red Gem SN,Johnny's Seeds,,,
Lettuce Mix SN,Red Inscised SN,Johnny's Seeds,,,
Lettuce Mix SN,Red Oakleaf,Johnny's Seeds,,,
Lettuce Mix SN,Rhone,Johnny's Seeds,,,
Lettuce Mix SN,(Summer) Foundation Mix + Batavia,Johnny's Seeds,,,
Okra,Annie Oakley OP,Experimental Farm Network,,,
Okra,Carmine Splendor,Johnny's Seeds,,,
Okra,Jambalaya,Johnny's Seeds,,,
Onion Spring,Ailsa Craig,Johnny's Seeds,,,
Onion Spring,Blush,Johnny's Seeds,,,
Onion Spring,Expression,Johnny's Seeds,,,
Onion Spring,Monastrell,Osborne Seed Company,,,
Onion Spring,Red Tropea,Johnny's Seeds,,,
Lettuce Mix SN,(Winter) Prismatic + Batavian,Johnny's Seeds,,,
Mustard,Miike Giant,Kitazawa,,,Old AF
Oats & Peas,Standard,TBD,,,
Parsley,Giant of Italy,Johnny's Seeds,,,12/24
Peas Snap PP,Super Sugar Snap,Johnny's Seeds,,,
Pea Shelling,PLS595,Johnny's Seeds,,,
Pea Snap,Super Sugar Snap,Johnny's Seeds,,,
Pea Snap,Sweet Gem,High Mowing Seeds,,,
Pepper Hot,Salvatierra,Osborne Seed Company,,,
Pepper Lunchbox,Lunchbox Mix,Johnny's Seeds,,,
Pepper Carmen,Carmen,Johnny's Seeds,,,
Pepper Shishito,Shishito,Johnny's Seeds,,,
Pepper Hot,Amazing,Kitazawa,,,
Potato Blue,All Blue,Maine Potato Lady,,,
Potato Fingerling,Amarosa,Maine Potato Lady,,,
Potato Fingerling,French,Maine Potato Lady,,,
Potato Fingerling,LaRatte,Maine Potato Lady,,,
Pepper Hot,Jedi Jalapeno,Johnny's Seeds,,,
Pepper Shishito,Shishimai,Johnny's Seeds,,,
Potato Blue,Adirondack Blue,Fedco Seeds,,,
Potato White,Superior,Maine Potato Lady,,,
Potato White,Dark Red Norland,Fedco Seeds,,,
Puntarelle,Galatina,Salerno Seeds,,,
Potato White,Kennebec,Fedco Seeds,,,
Radicchio Forced,Incanatore,Uprising Seeds,,,
Radicchio Forced,Tardivo,Osborne Seed Company,,,
Potato White,Purple Viking,Maine Potato Lady,,,
Potato Yellow,Satina,Fedco Seeds,,,
Radicchio Round,Leonardo,Johnny's Seeds,,,
Puntarelle,Medusa,Uprising Seeds,,,
Radicchio Pink,Rosa Alba,Osborne Seed Company,,,
Radicchio Round,Indigo,Johnny's Seeds,,,9/24 Pe
Radicchio Treviso,Fiero,Johnny's Seeds,,,
Radicchio Round,T&T 614,Osborne Seed Company,,,
Radicchio Round,Vasari,Osborne Seed Company,,,
Radicchio Treviso,Spring Treviso,Osborne Seed Company,,,
Radicchio Treviso,TVG1 Treviso,Osborne Seed Company,,,
Radicchio Treviso,Baldo (T&T 306),Osborne Seed Company,,,3/24
Radicchio Variegated,Bel Fiore,Johnny's Seeds,,,
Radicchio Variegated,Bel Fiore,Johnny's Seeds,,,
Radicchio Treviso,Regina Rosa,Uprising Seeds,,,
Radicchio Treviso,Sangria,Uprising Seeds,,,
Radicchio Variegated,Aquerello,Uprising Seeds,,,
Radicchio Variegated,Beatrice,Uprising Seeds,,,
Radicchio Variegated,Giorgine,Johnny's Seeds,,,
Radicchio Variegated,Mirabella,Uprising Seeds,,,
Radish Daikon Mix,Mix Mix,,,,
Radish Daikon Bulk,Artesia,Osborne Seed Company,,,
Radish French Breakfast,Patricia,Osborne Seed Company,,,
Radish Daikon Bulk,Bora Nam,Osborne Seed Company,,,
Radish Red,Rover,Johnny's Seeds,,,
Radish Daikon Bulk,Red King 2,Johnny's Seeds,,,
Radish Daikon Bulk,Red Meat,Johnny's Seeds,,,
Radish French Breakfast,French Breakfast,Johnny's Seeds,,,
Radish Purple,Bacchus,Johnny's Seeds,,,
Radish Red,Sora,Johnny's Seeds,,,
Scallion,Parade,Johnny's Seeds,,,
Spinach,Kolibri,Johnny's Seeds,,,
Sweet Potato Covington,Covington,Jones Family Farms,,,
Sweet Potato Murasaki,Murasaki,Jones Family Farms,,,
Sweet Potato Murasaki,Purple Majesty (Trial),Jones Family Farms,,,
Spinach,Rangitoto,Johnny's Seeds,,,
Spinach,Space,Johnny's Seeds,,,
Spinach,Sunangel,Johnny's Seeds,,,
Tomato Cherry Mix,Artemis,Osborne Seed Company,,,
Tomato Cherry Mix,HoneyCrisp,Trial / Cornell,,,
Tomato Cherry Mix,HoneyGold,Trial / Cornell,,,
Tomato Cherry Mix,Chocolate Sprinkles,Osborne Seed Company,,,
Tomato Cherry Mix,Suncitron,Osborne Seed Company,,,
Spinach,Tarsier,Johnny's Seeds,,,
Tomato Cherry Mix,Attracta,Johnny's Seeds,,,
Tomato Cherry Mix,Attracta,Johnny's Seeds,,,
Tomato Cherry Mix,Honey Bee,Johnny's Seeds,,,
Tomato Heirloom,Black Pineapple,AP Whaley,,,
Tomato Heirloom,Cherokee Purple,Johnny's Seeds,,,
Tomato Heirloom,Green Zebra,Johnny's Seeds,,,
Tomato Heirloom,Jubilee,,,,
Tomato Cherry Mix,Mimi,Johnny's Seeds,,,
Tomato Heirloom,Pink Berkley Tie Dye,Johnny's Seeds,,,
Tomato Heirloom,Speckled Roman,Johnny's Seeds,,,
Tomato Heirloom,Striped German,Johnny's Seeds,,,
Tomato Heirloom,Valencia,Johnny's Seeds,,,
Tomato Red,Abagail,Johnny's Seeds,,,
Tomato Red,Arbason,High Mowing Seeds,,,
Tomato Red,Marmalade,High Mowing Seeds,,,
Tomato Sauce,Juliet,Johnny's Seeds,,,
Tomato Cherry Mix,SunGreen,Johnny's Seeds,,,
Turnip,Hakurei,Johnny's Seeds,,,
Turnip,Hirosaki,Johnny's Seeds,,,
Turnip,Violet Queen,Osborne Seed Company,,,
Turnip Bulk,Purple Top,Johnny's Seeds,,,
Turnip Bulk,Red,Johnny's Seeds,,,
Turnip Bulk,Rutabaga,Johnny's Seeds,,,
Tomato Heirloom,Beorange,Johnny's Seeds,,,
Tomato Cherry Mix,Sunpeach,Johnny's Seeds,,,
Tomato Cherry Sungold,SunOrange,Osborne Seed Company,,,
Tomato Heirloom,MarMango,Johnny's Seeds,,,
Winter Squash Delicata,Jester,Johnny's Seeds,,,
Tomato Heirloom,Marnouar,Johnny's Seeds,,,
Tomato Sauce,Tiren,Johnny's Seeds,,,
Triticale & Winter Peas,Standard,TBD,,,
Winter Squash Acorn,Night Shift,Johnny's Seeds,,,
Zucchini Green,Green Machine,Johnny's Seeds,,,
Winter Squash Butternut,Waltham,Johnny's Seeds,,,
Winter Squash Delicata,Delicata JS,Johnny's Seeds,,,
Winter Squash Delicata,Honeyboat,High Mowing Seeds,,,
Winter Squash Honeynut,Honeynut,High Mowing Seeds,,,
Winter Squash Kabocha,Black Futsu,Johnny's Seeds,,,
Winter Squash Kabocha,Tetsukabuto,Johnny's Seeds,,,
Sudan Grass & Sunn Hemp,Standard,TBD,,,
Winter Squash Koginut,Autumn Frost,High Mowing Seeds,,,
Zucchini Green,Noche,Johnny's Seeds,,,
Zucchini Striped,Pantheon,Johnny's Seeds,,,
Zucchini Yellow,Golden Glory,Johnny's Seeds,,,
Sweet Corn,Superb,Johnny's Seeds,,,
Sweet Corn,Vision,,,,
