Crop,Variety,Season Year,Planned Quantity,Unit,Notes
Arugula,Astro,2026,811200,1/4 lb,
Arugula Wild,Bellezia,2026,134784,,
Basil,Prospera DMR CG1,2026,5990,ea,
Asparagus,Jersey Supreme,2026,0,,
Asparagus,Millenium,2026,0,,
Bean Snap TP,Nor'easter,2026,4160,ea,
Basil,Prospera DMR PL4,2026,0,,
Basil,Prospera® Italian Large Leaf DMR (ILL2),2026,0,,
Beets Bulk Golden,Boldor,2026,37440,ea,
Beets Bulk Golden,Yellow Sunrise,2026,37440,ea,
Beets Bulk Red,Boro F1,2026,46800,ea,
Beets Golden,Yellow Sunrise,2026,37440,ea,
Beets Golden,Boldor,2026,0,,
Beets Red,Red Ace F1,2026,18720,ea,
Beets Red,Boro F1,2026,0,,
Bok Choy,Bopak,2026,4659,ea,
Bitter Melon,Green Skin,2026,0,,
Bok Choy,Li Ren Choi,2026,20134,ea,
Bok Choy,Choko,2026,0,,
Broccolini,BC1611,2026,2293,ea,
Bok Choy,Little Shanghai,2026,0,ea,
Broccoli Raab,Novantina,2026,0,,
Broccoli Raab,Quarantina,2026,0,,
Broccolini,Bella Verde,2026,3931,ea,
Broccolini,Burgundy,2026,1310,ea,
Broccolini,Happy Rich,2026,983,ea,
Cabbage Chinese,Bilko,2026,0,,
Brussels Sprouts,Dagan,2026,749,ea,
Buckwheat,Standard,2026,1642680,,
Cabbage Chinese,Scarossa,2026,0,,
Cabbage Chinese,Merlot,2026,374,ea,5/24
Cabbage Chinese,Minuet,2026,1357,ea,1/2 10/23
Cabbage Flat,Deadon,2026,0,,
Cabbage Flat,Saku Saku,2026,0,,
Cabbage Cone,Caraflex,2026,1310,ea,
Cabbage Cone Storage,Murdoc,2026,655,g,
Cabbage Flat,Tendersweet,2026,655,ea,2/24
Cabbage Green Storage,Promise,2026,655,ea,
Cabbage Red,Omero,2026,1966,ea,
Cabbage Red,Pink Cabbage Hybrid,2026,328,,
Cabbage Red,Ruby Perfection,2026,655,ea,1/2 3/24
Carrot,Naval F1,2026,0,,
Cabbage Savoy,Alcosa,2026,655,ea,11/23
Cabbage Savoy,Famosa,2026,655,ea,5/24
Carrot Bulk,Bolero,2026,240240,ea,
Cauliflower,Denali,2026,983,ea,
Cauliflower,Lavender,2026,983,ea,
Cauliflower,Puntaverde,2026,983,ea,
Cauliflower,Skywalker,2026,655,ea,
Cauliflower Sprouting,Fioretto 70,2026,1310,ea,
Cauliflower Sprouting,Murasaki Fioretto,2026,655,ea,
Cauliflower Sprouting,Song,2026,1310,,
Celery,Merengo,2026,6175,ea,
Chard,Bright Lights,2026,8986,ea,
Cilantro,Cruiser,2026,539500,lb,
Collards,Flash,2026,2621,,
Cucumber,Corinto,2026,421,ea,
Cucumber Katrina,Katrina,2026,421,ea,
Dill,Thalia,2026,0,lb,
Eggplant Asian,Asian Delight,2026,0,,
Eggplant Asian,Ping Tung,2026,0,oz,
Eggplant Asian,Shinkasen,2026,0,ea,
Eggplant Italian Black,Barbarella,2026,0,,
Cucumber Pickling,Excelsior,2026,281,ea,
Dandelion,Clio,2026,4826,ea,
Eggplant Italian Black,Gaudi,2026,494,ea,
Escarole,Bubikof,2026,0,,
Eggplant Italian Striped,Annina,2026,988,ea,
Eggplant Mini,Fairytale,2026,988,ea,
Escarole,Eliance,2026,2163,ea,
Escarole,Eros,2026,499,ea,
Garlic,TBD,2026,0,,
Garlic,Brown Tempest,2026,0,,
Fennel,Orazio,2026,7987,ea,
Frisee,Curlesi,2026,2829,ea,10/24 pelleted
Garlic,Inchillium Red,2026,0,,
Garlic,Italian Red,2026,0,,
Garlic,German White,2026,0,,
Garlic,Hardneck - Em,2026,0,,
Garlic,Vietnamese Red,2026,0,,
Garlic Green,MISC,2026,0,,
Garlic Scape,TBD,2026,0,,
Greens Mix Amaranth,Polish,2026,0,,
Garlic,Music,2026,0,,
Garlic,Softneck - Em,2026,0,,
Greens Mix Mizuna,Central Red,2026,0,,
Greens Mix Purslane,Golden ,2026,0,,
Greens Mix Baby Kale,Red Russian Kale,2026,148720,lb,
Greens Mix Tokyo Bekana,Tokyo Bekana,2026,0,lb,
Greens Mix Cheap Frills,Cheap Frills,2026,1242800,lb,
Kale Lacinato,Black Magic,2026,0,,
Greens Mix Rosie,Rosie,2026,67600,lb,
Kale Curly,Winterbor,2026,3931,ea,
Kale Lacinato,Ebony,2026,13993,ea,
Kale Russian,Siberian,2026,1685,,
Komatsuna,Summer Fest,2026,0,,
Kohlrabi,Kolibri,2026,655,ea,
Kohlrabi Storage,Kossak,2026,1310,ea,
Lettuce Head,Alkindus,2026,1664,ea,11/24 Pe
Lettuce Head,Fusion,2026,998,ea,
Lettuce Head,Monte Carlo,2026,0,ea,
Lettuce Head,Marciano,2026,2995,ea,
Lettuce Head,Pomegranate Crunch,2026,0,ea,
Lettuce Head,Milagro,2026,2995,ea,
Lettuce Head,Queen of Hearts,2026,0,oz,
Lettuce Head,Reno,2026,0,ea,
Lettuce Head,Muir,2026,998,ea,
Lettuce Head,Truchas,2026,0,ea,
Lettuce Head,Purple Fusion,2026,998,ea,
Lettuce Mini Gem,Newham,2026,0,,
Lettuce Head,Shirane Sky,2026,2995,ea,
Lettuce Mini Gem,Gatsbi,2026,2330,ea,
Lettuce Mini Gem,Rosaine,2026,2662,ea,11/24 Pe
Lettuce Mix SN,(Spring/Fall) Prismatic + Butters,2026,22963,ea,
Lettuce Mix SN,Green Batavia,2026,0,,
Lettuce Mix SN,Green Oakleaf,2026,0,,
Lettuce Mix SN,Red Gem SN,2026,0,,
Lettuce Mix SN,Red Inscised SN,2026,0,,
Lettuce Mix SN,Red Oakleaf,2026,0,,
Lettuce Mix SN,Rhone,2026,0,,
Lettuce Mix SN,(Summer) Foundation Mix + Batavia,2026,6656,ea,
Okra,Annie Oakley OP,2026,0,,
Okra,Carmine Splendor,2026,0,ea,
Okra,Jambalaya,2026,0,ea,
Onion Spring,Ailsa Craig,2026,0,,
Onion Spring,Blush,2026,0,,
Onion Spring,Expression,2026,0,ea,
Onion Spring,Monastrell,2026,0,ea,
Onion Spring,Red Tropea,2026,0,,
Lettuce Mix SN,(Winter) Prismatic + Batavian,2026,7987,,
Mustard,Miike Giant,2026,2330,,Old AF
Oats & Peas,Standard,2026,5577000,,
Parsley,Giant of Italy,2026,29952,oz,12/24
Peas Snap PP,Super Sugar Snap,2026,0,lb,
Pea Shelling,PLS595,2026,18720,lb,
Pea Snap,Super Sugar Snap,2026,28080,lb,
Pea Snap,Sweet Gem,2026,28080,lb,
Pepper Hot,Salvatierra,2026,0,,
Pepper Lunchbox,Lunchbox Mix,2026,0,,
Pepper Carmen,Carmen,2026,1976,ea,
Pepper Shishito,Shishito,2026,0,,
Pepper Hot,Amazing,2026,741,,
Potato Blue,All Blue,2026,0,lbs,
Potato Fingerling,Amarosa,2026,0,,
Potato Fingerling,French,2026,0,,
Potato Fingerling,LaRatte,2026,0,,
Pepper Hot,Jedi Jalapeno,2026,247,,
Pepper Shishito,Shishimai,2026,494,ea,
Potato Blue,Adirondack Blue,2026,130,lbs,
Potato White,Superior,2026,0,,
Potato White,Dark Red Norland,2026,195,lbs,
Puntarelle,Galatina,2026,0,,
Potato White,Kennebec,2026,325,lbs,
Radicchio Forced,Incanatore,2026,0,,
Radicchio Forced,Tardivo,2026,0,,
Potato White,Purple Viking,2026,163,lbs,
Potato Yellow,Satina,2026,325,lbs,
Radicchio Round,Leonardo,2026,0,ea,
Puntarelle,Medusa,2026,1331,ea,
Radicchio Pink,Rosa Alba,2026,2662,ea,
Radicchio Round,Indigo,2026,3661,ea,9/24 Pe
Radicchio Treviso,Fiero,2026,0,,
Radicchio Round,T&T 614,2026,1997,ea,
Radicchio Round,Vasari,2026,0,,
Radicchio Treviso,Spring Treviso,2026,0,,
Radicchio Treviso,TVG1 Treviso,2026,0,,
Radicchio Treviso,Baldo (T&T 306),2026,666,ea,3/24
Radicchio Variegated,Bel Fiore,2026,0,,
Radicchio Variegated,Bel Fiore,2026,0,,
Radicchio Treviso,Regina Rosa,2026,666,ea,
Radicchio Treviso,Sangria,2026,666,ea,
Radicchio Variegated,Aquerello,2026,0,ea,
Radicchio Variegated,Beatrice,2026,666,ea,
Radicchio Variegated,Giorgine,2026,2662,ea,
Radicchio Variegated,Mirabella,2026,666,ea,
Radish Daikon Mix,Mix Mix,2026,0,,
Radish Daikon Bulk,Artesia,2026,7800,oz,
Radish French Breakfast,Patricia,2026,0,,
Radish Daikon Bulk,Bora Nam,2026,7800,oz,
Radish Red,Rover,2026,0,,
Radish Daikon Bulk,Red King 2,2026,7800,lb,
Radish Daikon Bulk,Red Meat,2026,15600,lb,
Radish French Breakfast,French Breakfast,2026,182000,lb,
Radish Purple,Bacchus,2026,158600,ea,
Radish Red,Sora,2026,140400,ea,
Scallion,Parade,2026,118061,ea,
Spinach,Kolibri,2026,43930,ea,
Sweet Potato Covington,Covington,2026,0,,
Sweet Potato Murasaki,Murasaki,2026,0,,
Sweet Potato Murasaki,Purple Majesty (Trial),2026,0,,
Spinach,Rangitoto,2026,10982,ea,
Spinach,Space,2026,10982,ea,
Spinach,Sunangel,2026,10982,ea,
Tomato Cherry Mix,Artemis,2026,494,ea,
Tomato Cherry Mix,HoneyCrisp,2026,0,,
Tomato Cherry Mix,HoneyGold,2026,0,,
Tomato Cherry Mix,Chocolate Sprinkles,2026,494,ea,
Tomato Cherry Mix,Suncitron,2026,0,,
Spinach,Tarsier,2026,10982,ea,
Tomato Cherry Mix,Attracta,2026,494,ea,
Tomato Cherry Mix,Attracta,2026,494,,
Tomato Cherry Mix,Honey Bee,2026,494,ea,
Tomato Heirloom,Black Pineapple,2026,0,,
Tomato Heirloom,Cherokee Purple,2026,0,,
Tomato Heirloom,Green Zebra,2026,0,,
Tomato Heirloom,Jubilee,2026,0,,
Tomato Cherry Mix,Mimi,2026,494,ea,
Tomato Heirloom,Pink Berkley Tie Dye,2026,0,,
Tomato Heirloom,Speckled Roman,2026,0,,
Tomato Heirloom,Striped German,2026,0,,
Tomato Heirloom,Valencia,2026,0,,
Tomato Red,Abagail,2026,0,,
Tomato Red,Arbason,2026,0,,
Tomato Red,Marmalade,2026,0,,
Tomato Sauce,Juliet,2026,0,,
Tomato Cherry Mix,SunGreen,2026,494,ea,
Turnip,Hakurei,2026,0,oz,
Turnip,Hirosaki,2026,0,oz,
Turnip,Violet Queen,2026,0,,
Turnip Bulk,Purple Top,2026,0,,
Turnip Bulk,Red,2026,0,,
Turnip Bulk,Rutabaga,2026,0,,
Tomato Heirloom,Beorange,2026,0,ea,
Tomato Cherry Mix,Sunpeach,2026,494,ea,
Tomato Cherry Sungold,SunOrange,2026,1482,ea,
Tomato Heirloom,MarMango,2026,494,,
Winter Squash Delicata,Jester,2026,0,,
Tomato Heirloom,Marnouar,2026,494,ea,
Tomato Sauce,Tiren,2026,494,,
Triticale & Winter Peas,Standard,2026,527280,,
Winter Squash Acorn,Night Shift,2026,455,ea,
Zucchini Green,Green Machine,2026,0,,
Winter Squash Butternut,Waltham,2026,390,,
Winter Squash Delicata,Delicata JS,2026,228,oz,
Winter Squash Delicata,Honeyboat,2026,455,oz,
Winter Squash Honeynut,Honeynut,2026,520,,
Winter Squash Kabocha,Black Futsu,2026,228,ea,
Winter Squash Kabocha,Tetsukabuto,2026,455,ea,
Sudan Grass & Sunn Hemp,Standard,2026,0,,
Winter Squash Koginut,Autumn Frost,2026,260,ea,
Zucchini Green,Noche,2026,975,ea,
Zucchini Striped,Pantheon,2026,293,ea,
Zucchini Yellow,Golden Glory,2026,488,ea,
Sweet Corn,Superb,2026,1560,,
Sweet Corn,Vision,2026,1560,,
